Country Name,Country Code,Series Name,Series Code,2016 [YR2016]
Afghanistan,AFG,"Population, total",SP.POP.TOTL,34656032
Afghanistan,AFG,"Population, female (% of total)",SP.POP.TOTL.FE.ZS,48.4521985165813
Afghanistan,AFG,"Population, male (% of total)",SP.POP.TOTL.MA.ZS,51.5478014834187
Afghanistan,AFG,GDP per capita (constant 2010 US$),NY.GDP.PCAP.KD,596.257638508123
Albania,ALB,"Population, total",SP.POP.TOTL,2876101
Albania,ALB,"Population, female (% of total)",SP.POP.TOTL.FE.ZS,49.5048432413665
Albania,ALB,"Population, male (% of total)",SP.POP.TOTL.MA.ZS,50.4951567586335
Albania,ALB,GDP per capita (constant 2010 US$),NY.GDP.PCAP.KD,4684.96703402035
Algeria,DZA,"Population, total",SP.POP.TOTL,40606052
Algeria,DZA,"Population, female (% of total)",SP.POP.TOTL.FE.ZS,49.5003786504627
Algeria,DZA,"Population, male (% of total)",SP.POP.TOTL.MA.ZS,50.4996213495373
Algeria,DZA,GDP per capita (constant 2010 US$),NY.GDP.PCAP.KD,4827.72425138732
American Samoa,ASM,"Population, total",SP.POP.TOTL,55599
American Samoa,ASM,"Population, female (% of total)",SP.POP.TOTL.FE.ZS,..
American Samoa,ASM,"Population, male (% of total)",SP.POP.TOTL.MA.ZS,..
American Samoa,ASM,GDP per capita (constant 2010 US$),NY.GDP.PCAP.KD,9614.47267179797
Andorra,AND,"Population, total",SP.POP.TOTL,77281
Andorra,AND,"Population, female (% of total)",SP.POP.TOTL.FE.ZS,..
Andorra,AND,"Population, male (% of total)",SP.POP.TOTL.MA.ZS,..
Andorra,AND,GDP per capita (constant 2010 US$),NY.GDP.PCAP.KD,42681.6038239666
Angola,AGO,"Population, total",SP.POP.TOTL,28813463
Angola,AGO,"Population, female (% of total)",SP.POP.TOTL.FE.ZS,50.9763712984984
Angola,AGO,"Population, male (% of total)",SP.POP.TOTL.MA.ZS,49.0236287015016
Angola,AGO,GDP per capita (constant 2010 US$),NY.GDP.PCAP.KD,3582.64756234992
Antigua and Barbuda,ATG,"Population, total",SP.POP.TOTL,100963
Antigua and Barbuda,ATG,"Population, female (% of total)",SP.POP.TOTL.FE.ZS,52.0081216263061
Antigua and Barbuda,ATG,"Population, male (% of total)",SP.POP.TOTL.MA.ZS,47.9918783736939
Antigua and Barbuda,ATG,GDP per capita (constant 2010 US$),NY.GDP.PCAP.KD,13315.5086311154
Argentina,ARG,"Population, total",SP.POP.TOTL,43847430
Argentina,ARG,"Population, female (% of total)",SP.POP.TOTL.FE.ZS,51.0623359225387
Argentina,ARG,"Population, male (% of total)",SP.POP.TOTL.MA.ZS,48.9376640774613
Argentina,ARG,GDP per capita (constant 2010 US$),NY.GDP.PCAP.KD,10153.9979117337
Armenia,ARM,"Population, total",SP.POP.TOTL,2924816
Armenia,ARM,"Population, female (% of total)",SP.POP.TOTL.FE.ZS,52.9799642165647
Armenia,ARM,"Population, male (% of total)",SP.POP.TOTL.MA.ZS,47.0200357834353
Armenia,ARM,GDP per capita (constant 2010 US$),NY.GDP.PCAP.KD,3932.55461733401
Aruba,ABW,"Population, total",SP.POP.TOTL,104822
Aruba,ABW,"Population, female (% of total)",SP.POP.TOTL.FE.ZS,52.49148515985
Aruba,ABW,"Population, male (% of total)",SP.POP.TOTL.MA.ZS,47.50851484015
Aruba,ABW,GDP per capita (constant 2010 US$),NY.GDP.PCAP.KD,..
Australia,AUS,"Population, total",SP.POP.TOTL,24127159
Australia,AUS,"Population, female (% of total)",SP.POP.TOTL.FE.ZS,50.1764580754149
Australia,AUS,"Population, male (% of total)",SP.POP.TOTL.MA.ZS,49.8235419245851
Australia,AUS,GDP per capita (constant 2010 US$),NY.GDP.PCAP.KD,55670.924142592
Austria,AUT,"Population, total",SP.POP.TOTL,8747358
Austria,AUT,"Population, female (% of total)",SP.POP.TOTL.FE.ZS,51.0053793938431
Austria,AUT,"Population, male (% of total)",SP.POP.TOTL.MA.ZS,48.9946206061569
Austria,AUT,GDP per capita (constant 2010 US$),NY.GDP.PCAP.KD,47909.4046935283
Azerbaijan,AZE,"Population, total",SP.POP.TOTL,9762274
Azerbaijan,AZE,"Population, female (% of total)",SP.POP.TOTL.FE.ZS,50.2093080597998
Azerbaijan,AZE,"Population, male (% of total)",SP.POP.TOTL.MA.ZS,49.7906919402002
Azerbaijan,AZE,GDP per capita (constant 2010 US$),NY.GDP.PCAP.KD,5858.83286635795
"Bahamas, The",BHS,"Population, total",SP.POP.TOTL,391232
"Bahamas, The",BHS,"Population, female (% of total)",SP.POP.TOTL.FE.ZS,51.0428594797972
"Bahamas, The",BHS,"Population, male (% of total)",SP.POP.TOTL.MA.ZS,48.9571405202028
"Bahamas, The",BHS,GDP per capita (constant 2010 US$),NY.GDP.PCAP.KD,19991.092229426
Bahrain,BHR,"Population, total",SP.POP.TOTL,1425171
Bahrain,BHR,"Population, female (% of total)",SP.POP.TOTL.FE.ZS,37.8703497750799
Bahrain,BHR,"Population, male (% of total)",SP.POP.TOTL.MA.ZS,62.1296502249201
Bahrain,BHR,GDP per capita (constant 2010 US$),NY.GDP.PCAP.KD,..
Bangladesh,BGD,"Population, total",SP.POP.TOTL,162951560
Bangladesh,BGD,"Population, female (% of total)",SP.POP.TOTL.FE.ZS,49.5562334298522
Bangladesh,BGD,"Population, male (% of total)",SP.POP.TOTL.MA.ZS,50.4437665701478
Bangladesh,BGD,GDP per capita (constant 2010 US$),NY.GDP.PCAP.KD,1029.57821239239
Barbados,BRB,"Population, total",SP.POP.TOTL,284996
Barbados,BRB,"Population, female (% of total)",SP.POP.TOTL.FE.ZS,52.1051394244771
Barbados,BRB,"Population, male (% of total)",SP.POP.TOTL.MA.ZS,47.8948605755229
Barbados,BRB,GDP per capita (constant 2010 US$),NY.GDP.PCAP.KD,16242.7699742254
Belarus,BLR,"Population, total",SP.POP.TOTL,9507120
Belarus,BLR,"Population, female (% of total)",SP.POP.TOTL.FE.ZS,53.4691159921908
Belarus,BLR,"Population, male (% of total)",SP.POP.TOTL.MA.ZS,46.5308840078092
Belarus,BLR,GDP per capita (constant 2010 US$),NY.GDP.PCAP.KD,6217.71716578702
Belgium,BEL,"Population, total",SP.POP.TOTL,11348159
Belgium,BEL,"Population, female (% of total)",SP.POP.TOTL.FE.ZS,50.7780689774665
Belgium,BEL,"Population, male (% of total)",SP.POP.TOTL.MA.ZS,49.2219310225335
Belgium,BEL,GDP per capita (constant 2010 US$),NY.GDP.PCAP.KD,45430.913067262
Belize,BLZ,"Population, total",SP.POP.TOTL,366954
Belize,BLZ,"Population, female (% of total)",SP.POP.TOTL.FE.ZS,50.1804040833456
Belize,BLZ,"Population, male (% of total)",SP.POP.TOTL.MA.ZS,49.8195959166544
Belize,BLZ,GDP per capita (constant 2010 US$),NY.GDP.PCAP.KD,4328.02073820173
Benin,BEN,"Population, total",SP.POP.TOTL,10872298
Benin,BEN,"Population, female (% of total)",SP.POP.TOTL.FE.ZS,50.1422743383303
Benin,BEN,"Population, male (% of total)",SP.POP.TOTL.MA.ZS,49.8577256616697
Benin,BEN,GDP per capita (constant 2010 US$),NY.GDP.PCAP.KD,837.341956405278
Bermuda,BMU,"Population, total",SP.POP.TOTL,65331
Bermuda,BMU,"Population, female (% of total)",SP.POP.TOTL.FE.ZS,..
Bermuda,BMU,"Population, male (% of total)",SP.POP.TOTL.MA.ZS,..
Bermuda,BMU,GDP per capita (constant 2010 US$),NY.GDP.PCAP.KD,..
Bhutan,BTN,"Population, total",SP.POP.TOTL,797765
Bhutan,BTN,"Population, female (% of total)",SP.POP.TOTL.FE.ZS,46.8828070843983
Bhutan,BTN,"Population, male (% of total)",SP.POP.TOTL.MA.ZS,53.1171929156017
Bhutan,BTN,GDP per capita (constant 2010 US$),NY.GDP.PCAP.KD,2801.27524003561
Bolivia,BOL,"Population, total",SP.POP.TOTL,10887882
Bolivia,BOL,"Population, female (% of total)",SP.POP.TOTL.FE.ZS,49.9298072654922
Bolivia,BOL,"Population, male (% of total)",SP.POP.TOTL.MA.ZS,50.0701927345078
Bolivia,BOL,GDP per capita (constant 2010 US$),NY.GDP.PCAP.KD,2457.62596155017
Bosnia and Herzegovina,BIH,"Population, total",SP.POP.TOTL,3516816
Bosnia and Herzegovina,BIH,"Population, female (% of total)",SP.POP.TOTL.FE.ZS,50.915032754078
Bosnia and Herzegovina,BIH,"Population, male (% of total)",SP.POP.TOTL.MA.ZS,49.084967245922
Bosnia and Herzegovina,BIH,GDP per capita (constant 2010 US$),NY.GDP.PCAP.KD,5377.83721224245
Botswana,BWA,"Population, total",SP.POP.TOTL,2250260
Botswana,BWA,"Population, female (% of total)",SP.POP.TOTL.FE.ZS,50.5810894404903
Botswana,BWA,"Population, male (% of total)",SP.POP.TOTL.MA.ZS,49.4189105595097
Botswana,BWA,GDP per capita (constant 2010 US$),NY.GDP.PCAP.KD,7483.17315222592
Brazil,BRA,"Population, total",SP.POP.TOTL,207652865
Brazil,BRA,"Population, female (% of total)",SP.POP.TOTL.FE.ZS,50.8395352705472
Brazil,BRA,"Population, male (% of total)",SP.POP.TOTL.MA.ZS,49.1604647294528
Brazil,BRA,GDP per capita (constant 2010 US$),NY.GDP.PCAP.KD,10826.2714348298
British Virgin Islands,VGB,"Population, total",SP.POP.TOTL,30661
British Virgin Islands,VGB,"Population, female (% of total)",SP.POP.TOTL.FE.ZS,..
British Virgin Islands,VGB,"Population, male (% of total)",SP.POP.TOTL.MA.ZS,..
British Virgin Islands,VGB,GDP per capita (constant 2010 US$),NY.GDP.PCAP.KD,..
Brunei Darussalam,BRN,"Population, total",SP.POP.TOTL,423196
Brunei Darussalam,BRN,"Population, female (% of total)",SP.POP.TOTL.FE.ZS,48.5116790132209
Brunei Darussalam,BRN,"Population, male (% of total)",SP.POP.TOTL.MA.ZS,51.4883209867791
Brunei Darussalam,BRN,GDP per capita (constant 2010 US$),NY.GDP.PCAP.KD,31430.9625936081
Bulgaria,BGR,"Population, total",SP.POP.TOTL,7127822
Bulgaria,BGR,"Population, female (% of total)",SP.POP.TOTL.FE.ZS,51.3826919967743
Bulgaria,BGR,"Population, male (% of total)",SP.POP.TOTL.MA.ZS,48.6173080032257
Bulgaria,BGR,GDP per capita (constant 2010 US$),NY.GDP.PCAP.KD,7967.70870191608
Burkina Faso,BFA,"Population, total",SP.POP.TOTL,18646433
Burkina Faso,BFA,"Population, female (% of total)",SP.POP.TOTL.FE.ZS,50.1644013901638
Burkina Faso,BFA,"Population, male (% of total)",SP.POP.TOTL.MA.ZS,49.8355986098362
Burkina Faso,BFA,GDP per capita (constant 2010 US$),NY.GDP.PCAP.KD,663.906712033544
Burundi,BDI,"Population, total",SP.POP.TOTL,10524117
Burundi,BDI,"Population, female (% of total)",SP.POP.TOTL.FE.ZS,50.8076348390009
Burundi,BDI,"Population, male (% of total)",SP.POP.TOTL.MA.ZS,49.1923651609991
Burundi,BDI,GDP per capita (constant 2010 US$),NY.GDP.PCAP.KD,218.28352838019
Cabo Verde,CPV,"Population, total",SP.POP.TOTL,539560
Cabo Verde,CPV,"Population, female (% of total)",SP.POP.TOTL.FE.ZS,50.1893212790445
Cabo Verde,CPV,"Population, male (% of total)",SP.POP.TOTL.MA.ZS,49.8106787209555
Cabo Verde,CPV,GDP per capita (constant 2010 US$),NY.GDP.PCAP.KD,3452.9462124976
Cambodia,KHM,"Population, total",SP.POP.TOTL,15762370
Cambodia,KHM,"Population, female (% of total)",SP.POP.TOTL.FE.ZS,51.2164635637621
Cambodia,KHM,"Population, male (% of total)",SP.POP.TOTL.MA.ZS,48.7835364362379
Cambodia,KHM,GDP per capita (constant 2010 US$),NY.GDP.PCAP.KD,1079.1135407797
Cameroon,CMR,"Population, total",SP.POP.TOTL,23439189
Cameroon,CMR,"Population, female (% of total)",SP.POP.TOTL.FE.ZS,49.9620038129297
Cameroon,CMR,"Population, male (% of total)",SP.POP.TOTL.MA.ZS,50.0379961870703
Cameroon,CMR,GDP per capita (constant 2010 US$),NY.GDP.PCAP.KD,1495.44336202907
Canada,CAN,"Population, total",SP.POP.TOTL,36286425
Canada,CAN,"Population, female (% of total)",SP.POP.TOTL.FE.ZS,50.3911538157151
Canada,CAN,"Population, male (% of total)",SP.POP.TOTL.MA.ZS,49.6088461842849
Canada,CAN,GDP per capita (constant 2010 US$),NY.GDP.PCAP.KD,50231.885198923
Cayman Islands,CYM,"Population, total",SP.POP.TOTL,60765
Cayman Islands,CYM,"Population, female (% of total)",SP.POP.TOTL.FE.ZS,..
Cayman Islands,CYM,"Population, male (% of total)",SP.POP.TOTL.MA.ZS,..
Cayman Islands,CYM,GDP per capita (constant 2010 US$),NY.GDP.PCAP.KD,..
Central African Republic,CAF,"Population, total",SP.POP.TOTL,4594621
Central African Republic,CAF,"Population, female (% of total)",SP.POP.TOTL.FE.ZS,50.6774665489057
Central African Republic,CAF,"Population, male (% of total)",SP.POP.TOTL.MA.ZS,49.3225334510943
Central African Republic,CAF,GDP per capita (constant 2010 US$),NY.GDP.PCAP.KD,325.720291783207
Chad,TCD,"Population, total",SP.POP.TOTL,14452543
Chad,TCD,"Population, female (% of total)",SP.POP.TOTL.FE.ZS,49.9487391321044
Chad,TCD,"Population, male (% of total)",SP.POP.TOTL.MA.ZS,50.0512608678956
Chad,TCD,GDP per capita (constant 2010 US$),NY.GDP.PCAP.KD,859.648571526289
Channel Islands,CHI,"Population, total",SP.POP.TOTL,164541
Channel Islands,CHI,"Population, female (% of total)",SP.POP.TOTL.FE.ZS,50.4120678757232
Channel Islands,CHI,"Population, male (% of total)",SP.POP.TOTL.MA.ZS,49.5879321242768
Channel Islands,CHI,GDP per capita (constant 2010 US$),NY.GDP.PCAP.KD,..
Chile,CHL,"Population, total",SP.POP.TOTL,17909754
Chile,CHL,"Population, female (% of total)",SP.POP.TOTL.FE.ZS,50.4704948849396
Chile,CHL,"Population, male (% of total)",SP.POP.TOTL.MA.ZS,49.5295051150605
Chile,CHL,GDP per capita (constant 2010 US$),NY.GDP.PCAP.KD,15019.6329654969
China,CHN,"Population, total",SP.POP.TOTL,1378665000
China,CHN,"Population, female (% of total)",SP.POP.TOTL.FE.ZS,48.4738191023216
China,CHN,"Population, male (% of total)",SP.POP.TOTL.MA.ZS,51.5261808976784
China,CHN,GDP per capita (constant 2010 US$),NY.GDP.PCAP.KD,6893.77636133899
Colombia,COL,"Population, total",SP.POP.TOTL,48653419
Colombia,COL,"Population, female (% of total)",SP.POP.TOTL.FE.ZS,50.7845099190536
Colombia,COL,"Population, male (% of total)",SP.POP.TOTL.MA.ZS,49.2154900809464
Colombia,COL,GDP per capita (constant 2010 US$),NY.GDP.PCAP.KD,7525.85532571096
Comoros,COM,"Population, total",SP.POP.TOTL,795601
Comoros,COM,"Population, female (% of total)",SP.POP.TOTL.FE.ZS,49.5631615265402
Comoros,COM,"Population, male (% of total)",SP.POP.TOTL.MA.ZS,50.4368384734597
Comoros,COM,GDP per capita (constant 2010 US$),NY.GDP.PCAP.KD,768.438960248232
"Congo, Dem. Rep.",COD,"Population, total",SP.POP.TOTL,78736153
"Congo, Dem. Rep.",COD,"Population, female (% of total)",SP.POP.TOTL.FE.ZS,50.1208923543924
"Congo, Dem. Rep.",COD,"Population, male (% of total)",SP.POP.TOTL.MA.ZS,49.8791076456076
"Congo, Dem. Rep.",COD,GDP per capita (constant 2010 US$),NY.GDP.PCAP.KD,388.272140742046
"Congo, Rep.",COG,"Population, total",SP.POP.TOTL,5125821
"Congo, Rep.",COG,"Population, female (% of total)",SP.POP.TOTL.FE.ZS,49.977262205689
"Congo, Rep.",COG,"Population, male (% of total)",SP.POP.TOTL.MA.ZS,50.022737794311
"Congo, Rep.",COG,GDP per capita (constant 2010 US$),NY.GDP.PCAP.KD,2798.06609680831
Costa Rica,CRI,"Population, total",SP.POP.TOTL,4857274
Costa Rica,CRI,"Population, female (% of total)",SP.POP.TOTL.FE.ZS,49.9766123961712
Costa Rica,CRI,"Population, male (% of total)",SP.POP.TOTL.MA.ZS,50.0233876038288
Costa Rica,CRI,GDP per capita (constant 2010 US$),NY.GDP.PCAP.KD,9714.09989691182
Cote d'Ivoire,CIV,"Population, total",SP.POP.TOTL,23695919
Cote d'Ivoire,CIV,"Population, female (% of total)",SP.POP.TOTL.FE.ZS,49.2951213590625
Cote d'Ivoire,CIV,"Population, male (% of total)",SP.POP.TOTL.MA.ZS,50.7048786409375
Cote d'Ivoire,CIV,GDP per capita (constant 2010 US$),NY.GDP.PCAP.KD,1552.77041979628
Croatia,HRV,"Population, total",SP.POP.TOTL,4170600
Croatia,HRV,"Population, female (% of total)",SP.POP.TOTL.FE.ZS,51.8078963426718
Croatia,HRV,"Population, male (% of total)",SP.POP.TOTL.MA.ZS,48.1921036573281
Croatia,HRV,GDP per capita (constant 2010 US$),NY.GDP.PCAP.KD,14465.1342243144
Cuba,CUB,"Population, total",SP.POP.TOTL,11475982
Cuba,CUB,"Population, female (% of total)",SP.POP.TOTL.FE.ZS,49.9705079627629
Cuba,CUB,"Population, male (% of total)",SP.POP.TOTL.MA.ZS,50.0294920372371
Cuba,CUB,GDP per capita (constant 2010 US$),NY.GDP.PCAP.KD,..
Curacao,CUW,"Population, total",SP.POP.TOTL,159999
Curacao,CUW,"Population, female (% of total)",SP.POP.TOTL.FE.ZS,54.2204960565201
Curacao,CUW,"Population, male (% of total)",SP.POP.TOTL.MA.ZS,45.7795039434799
Curacao,CUW,GDP per capita (constant 2010 US$),NY.GDP.PCAP.KD,..
Cyprus,CYP,"Population, total",SP.POP.TOTL,1170125
Cyprus,CYP,"Population, female (% of total)",SP.POP.TOTL.FE.ZS,49.9205215155949
Cyprus,CYP,"Population, male (% of total)",SP.POP.TOTL.MA.ZS,50.0794784844051
Cyprus,CYP,GDP per capita (constant 2010 US$),NY.GDP.PCAP.KD,28325.437516627
Czech Republic,CZE,"Population, total",SP.POP.TOTL,10561633
Czech Republic,CZE,"Population, female (% of total)",SP.POP.TOTL.FE.ZS,50.8554559205349
Czech Republic,CZE,"Population, male (% of total)",SP.POP.TOTL.MA.ZS,49.1445440794651
Czech Republic,CZE,GDP per capita (constant 2010 US$),NY.GDP.PCAP.KD,21903.8536115995
Denmark,DNK,"Population, total",SP.POP.TOTL,5731118
Denmark,DNK,"Population, female (% of total)",SP.POP.TOTL.FE.ZS,50.2648433515696
Denmark,DNK,"Population, male (% of total)",SP.POP.TOTL.MA.ZS,49.7351566484304
Denmark,DNK,GDP per capita (constant 2010 US$),NY.GDP.PCAP.KD,60637.3355889663
Djibouti,DJI,"Population, total",SP.POP.TOTL,942333
Djibouti,DJI,"Population, female (% of total)",SP.POP.TOTL.FE.ZS,49.8073951762838
Djibouti,DJI,"Population, male (% of total)",SP.POP.TOTL.MA.ZS,50.1926048237162
Djibouti,DJI,GDP per capita (constant 2010 US$),NY.GDP.PCAP.KD,..
Dominica,DMA,"Population, total",SP.POP.TOTL,73543
Dominica,DMA,"Population, female (% of total)",SP.POP.TOTL.FE.ZS,..
Dominica,DMA,"Population, male (% of total)",SP.POP.TOTL.MA.ZS,..
Dominica,DMA,GDP per capita (constant 2010 US$),NY.GDP.PCAP.KD,6880.62567574717
Dominican Republic,DOM,"Population, total",SP.POP.TOTL,10648791
Dominican Republic,DOM,"Population, female (% of total)",SP.POP.TOTL.FE.ZS,50.1889370122625
Dominican Republic,DOM,"Population, male (% of total)",SP.POP.TOTL.MA.ZS,49.8110629877375
Dominican Republic,DOM,GDP per capita (constant 2010 US$),NY.GDP.PCAP.KD,6909.12954437444
Ecuador,ECU,"Population, total",SP.POP.TOTL,16385068
Ecuador,ECU,"Population, female (% of total)",SP.POP.TOTL.FE.ZS,50.0143972531091
Ecuador,ECU,"Population, male (% of total)",SP.POP.TOTL.MA.ZS,49.9856027468909
Ecuador,ECU,GDP per capita (constant 2010 US$),NY.GDP.PCAP.KD,5191.09956048467
"Egypt, Arab Rep.",EGY,"Population, total",SP.POP.TOTL,95688681
"Egypt, Arab Rep.",EGY,"Population, female (% of total)",SP.POP.TOTL.FE.ZS,49.4403465605264
"Egypt, Arab Rep.",EGY,"Population, male (% of total)",SP.POP.TOTL.MA.ZS,50.5596534394736
"Egypt, Arab Rep.",EGY,GDP per capita (constant 2010 US$),NY.GDP.PCAP.KD,2724.39680691031
El Salvador,SLV,"Population, total",SP.POP.TOTL,6344722
El Salvador,SLV,"Population, female (% of total)",SP.POP.TOTL.FE.ZS,52.9968225548172
El Salvador,SLV,"Population, male (% of total)",SP.POP.TOTL.MA.ZS,47.0031774451828
El Salvador,SLV,GDP per capita (constant 2010 US$),NY.GDP.PCAP.KD,3802.85965518617
Equatorial Guinea,GNQ,"Population, total",SP.POP.TOTL,1221490
Equatorial Guinea,GNQ,"Population, female (% of total)",SP.POP.TOTL.FE.ZS,44.7283042501197
Equatorial Guinea,GNQ,"Population, male (% of total)",SP.POP.TOTL.MA.ZS,55.2716957498803
Equatorial Guinea,GNQ,GDP per capita (constant 2010 US$),NY.GDP.PCAP.KD,12278.1291416571
Eritrea,ERI,"Population, total",SP.POP.TOTL,..
Eritrea,ERI,"Population, female (% of total)",SP.POP.TOTL.FE.ZS,..
Eritrea,ERI,"Population, male (% of total)",SP.POP.TOTL.MA.ZS,..
Eritrea,ERI,GDP per capita (constant 2010 US$),NY.GDP.PCAP.KD,..
Estonia,EST,"Population, total",SP.POP.TOTL,1316481
Estonia,EST,"Population, female (% of total)",SP.POP.TOTL.FE.ZS,53.1868999299783
Estonia,EST,"Population, male (% of total)",SP.POP.TOTL.MA.ZS,46.8131000700217
Estonia,EST,GDP per capita (constant 2010 US$),NY.GDP.PCAP.KD,18085.0897379463
Ethiopia,ETH,"Population, total",SP.POP.TOTL,102403196
Ethiopia,ETH,"Population, female (% of total)",SP.POP.TOTL.FE.ZS,50.0723844567357
Ethiopia,ETH,"Population, male (% of total)",SP.POP.TOTL.MA.ZS,49.9276155432643
Ethiopia,ETH,GDP per capita (constant 2010 US$),NY.GDP.PCAP.KD,511.187426515801
Faroe Islands,FRO,"Population, total",SP.POP.TOTL,49117
Faroe Islands,FRO,"Population, female (% of total)",SP.POP.TOTL.FE.ZS,..
Faroe Islands,FRO,"Population, male (% of total)",SP.POP.TOTL.MA.ZS,..
Faroe Islands,FRO,GDP per capita (constant 2010 US$),NY.GDP.PCAP.KD,..
Fiji,FJI,"Population, total",SP.POP.TOTL,898760
Fiji,FJI,"Population, female (% of total)",SP.POP.TOTL.FE.ZS,49.1956749587768
Fiji,FJI,"Population, male (% of total)",SP.POP.TOTL.MA.ZS,50.8043250412232
Fiji,FJI,GDP per capita (constant 2010 US$),NY.GDP.PCAP.KD,4195.96811433867
Finland,FIN,"Population, total",SP.POP.TOTL,5495096
Finland,FIN,"Population, female (% of total)",SP.POP.TOTL.FE.ZS,50.7550883306249
Finland,FIN,"Population, male (% of total)",SP.POP.TOTL.MA.ZS,49.2449116693751
Finland,FIN,GDP per capita (constant 2010 US$),NY.GDP.PCAP.KD,45825.4907138827
France,FRA,"Population, total",SP.POP.TOTL,66896109
France,FRA,"Population, female (% of total)",SP.POP.TOTL.FE.ZS,50.8477868645681
France,FRA,"Population, male (% of total)",SP.POP.TOTL.MA.ZS,49.1522131354319
France,FRA,GDP per capita (constant 2010 US$),NY.GDP.PCAP.KD,42013.2862913497
French Polynesia,PYF,"Population, total",SP.POP.TOTL,280208
French Polynesia,PYF,"Population, female (% of total)",SP.POP.TOTL.FE.ZS,49.0485503418938
French Polynesia,PYF,"Population, male (% of total)",SP.POP.TOTL.MA.ZS,50.9514496581062
French Polynesia,PYF,GDP per capita (constant 2010 US$),NY.GDP.PCAP.KD,..
Gabon,GAB,"Population, total",SP.POP.TOTL,1979786
Gabon,GAB,"Population, female (% of total)",SP.POP.TOTL.FE.ZS,48.613613484683
Gabon,GAB,"Population, male (% of total)",SP.POP.TOTL.MA.ZS,51.386386515317
Gabon,GAB,GDP per capita (constant 2010 US$),NY.GDP.PCAP.KD,9569.45438837312
"Gambia, The",GMB,"Population, total",SP.POP.TOTL,2038501
"Gambia, The",GMB,"Population, female (% of total)",SP.POP.TOTL.FE.ZS,50.4997530055084
"Gambia, The",GMB,"Population, male (% of total)",SP.POP.TOTL.MA.ZS,49.5002469944916
"Gambia, The",GMB,GDP per capita (constant 2010 US$),NY.GDP.PCAP.KD,531.918208458419
Georgia,GEO,"Population, total",SP.POP.TOTL,3719300
Georgia,GEO,"Population, female (% of total)",SP.POP.TOTL.FE.ZS,52.2575267450315
Georgia,GEO,"Population, male (% of total)",SP.POP.TOTL.MA.ZS,47.7424732549685
Georgia,GEO,GDP per capita (constant 2010 US$),NY.GDP.PCAP.KD,4083.99815764712
Germany,DEU,"Population, total",SP.POP.TOTL,82667685
Germany,DEU,"Population, female (% of total)",SP.POP.TOTL.FE.ZS,50.7864781921597
Germany,DEU,"Population, male (% of total)",SP.POP.TOTL.MA.ZS,49.2135218078403
Germany,DEU,GDP per capita (constant 2010 US$),NY.GDP.PCAP.KD,45745.7899036938
Ghana,GHA,"Population, total",SP.POP.TOTL,28206728
Ghana,GHA,"Population, female (% of total)",SP.POP.TOTL.FE.ZS,50.2019394167923
Ghana,GHA,"Population, male (% of total)",SP.POP.TOTL.MA.ZS,49.7980605832077
Ghana,GHA,GDP per capita (constant 2010 US$),NY.GDP.PCAP.KD,1707.66162367907
Gibraltar,GIB,"Population, total",SP.POP.TOTL,34408
Gibraltar,GIB,"Population, female (% of total)",SP.POP.TOTL.FE.ZS,..
Gibraltar,GIB,"Population, male (% of total)",SP.POP.TOTL.MA.ZS,..
Gibraltar,GIB,GDP per capita (constant 2010 US$),NY.GDP.PCAP.KD,..
Greece,GRC,"Population, total",SP.POP.TOTL,10746740
Greece,GRC,"Population, female (% of total)",SP.POP.TOTL.FE.ZS,50.7702762454158
Greece,GRC,"Population, male (% of total)",SP.POP.TOTL.MA.ZS,49.2297237545842
Greece,GRC,GDP per capita (constant 2010 US$),NY.GDP.PCAP.KD,22749.3103186218
Greenland,GRL,"Population, total",SP.POP.TOTL,56186
Greenland,GRL,"Population, female (% of total)",SP.POP.TOTL.FE.ZS,..
Greenland,GRL,"Population, male (% of total)",SP.POP.TOTL.MA.ZS,..
Greenland,GRL,GDP per capita (constant 2010 US$),NY.GDP.PCAP.KD,..
Grenada,GRD,"Population, total",SP.POP.TOTL,107317
Grenada,GRD,"Population, female (% of total)",SP.POP.TOTL.FE.ZS,49.8057193973108
Grenada,GRD,"Population, male (% of total)",SP.POP.TOTL.MA.ZS,50.1942806026892
Grenada,GRD,GDP per capita (constant 2010 US$),NY.GDP.PCAP.KD,8676.33919559901
Guam,GUM,"Population, total",SP.POP.TOTL,162896
Guam,GUM,"Population, female (% of total)",SP.POP.TOTL.FE.ZS,49.3462005967071
Guam,GUM,"Population, male (% of total)",SP.POP.TOTL.MA.ZS,50.6537994032929
Guam,GUM,GDP per capita (constant 2010 US$),NY.GDP.PCAP.KD,32013.7693770213
Guatemala,GTM,"Population, total",SP.POP.TOTL,16582469
Guatemala,GTM,"Population, female (% of total)",SP.POP.TOTL.FE.ZS,50.7947340760255
Guatemala,GTM,"Population, male (% of total)",SP.POP.TOTL.MA.ZS,49.2052659239745
Guatemala,GTM,GDP per capita (constant 2010 US$),NY.GDP.PCAP.KD,3100.20621005039
Guinea,GIN,"Population, total",SP.POP.TOTL,12395924
Guinea,GIN,"Population, female (% of total)",SP.POP.TOTL.FE.ZS,49.8731114344434
Guinea,GIN,"Population, male (% of total)",SP.POP.TOTL.MA.ZS,50.1268885655566
Guinea,GIN,GDP per capita (constant 2010 US$),NY.GDP.PCAP.KD,735.722667421314
Guinea-Bissau,GNB,"Population, total",SP.POP.TOTL,1815698
Guinea-Bissau,GNB,"Population, female (% of total)",SP.POP.TOTL.FE.ZS,50.8198481909476
Guinea-Bissau,GNB,"Population, male (% of total)",SP.POP.TOTL.MA.ZS,49.1801518090524
Guinea-Bissau,GNB,GDP per capita (constant 2010 US$),NY.GDP.PCAP.KD,582.374005838895
Guyana,GUY,"Population, total",SP.POP.TOTL,773303
Guyana,GUY,"Population, female (% of total)",SP.POP.TOTL.FE.ZS,49.5729999405148
Guyana,GUY,"Population, male (% of total)",SP.POP.TOTL.MA.ZS,50.4270000594852
Guyana,GUY,GDP per capita (constant 2010 US$),NY.GDP.PCAP.KD,3783.54332759748
Haiti,HTI,"Population, total",SP.POP.TOTL,10847334
Haiti,HTI,"Population, female (% of total)",SP.POP.TOTL.FE.ZS,50.5456177358906
Haiti,HTI,"Population, male (% of total)",SP.POP.TOTL.MA.ZS,49.4543822641094
Haiti,HTI,GDP per capita (constant 2010 US$),NY.GDP.PCAP.KD,729.2684423618
Honduras,HND,"Population, total",SP.POP.TOTL,9112867
Honduras,HND,"Population, female (% of total)",SP.POP.TOTL.FE.ZS,50.1433742297291
Honduras,HND,"Population, male (% of total)",SP.POP.TOTL.MA.ZS,49.8566257702709
Honduras,HND,GDP per capita (constant 2010 US$),NY.GDP.PCAP.KD,2137.80822009452
"Hong Kong SAR, China",HKG,"Population, total",SP.POP.TOTL,7346700
"Hong Kong SAR, China",HKG,"Population, female (% of total)",SP.POP.TOTL.FE.ZS,53.8991501245749
"Hong Kong SAR, China",HKG,"Population, male (% of total)",SP.POP.TOTL.MA.ZS,46.1008498754251
"Hong Kong SAR, China",HKG,GDP per capita (constant 2010 US$),NY.GDP.PCAP.KD,36725.6491122721
Hungary,HUN,"Population, total",SP.POP.TOTL,9817958
Hungary,HUN,"Population, female (% of total)",SP.POP.TOTL.FE.ZS,52.4499557994758
Hungary,HUN,"Population, male (% of total)",SP.POP.TOTL.MA.ZS,47.5500442005242
Hungary,HUN,GDP per capita (constant 2010 US$),NY.GDP.PCAP.KD,14991.1896995127
Iceland,ISL,"Population, total",SP.POP.TOTL,334252
Iceland,ISL,"Population, female (% of total)",SP.POP.TOTL.FE.ZS,49.8354748670565
Iceland,ISL,"Population, male (% of total)",SP.POP.TOTL.MA.ZS,50.1645251329435
Iceland,ISL,GDP per capita (constant 2010 US$),NY.GDP.PCAP.KD,48613.8871550721
India,IND,"Population, total",SP.POP.TOTL,1324171354
India,IND,"Population, female (% of total)",SP.POP.TOTL.FE.ZS,48.1719714467438
India,IND,"Population, male (% of total)",SP.POP.TOTL.MA.ZS,51.8280285532562
India,IND,GDP per capita (constant 2010 US$),NY.GDP.PCAP.KD,1861.49102935151
Indonesia,IDN,"Population, total",SP.POP.TOTL,261115456
Indonesia,IDN,"Population, female (% of total)",SP.POP.TOTL.FE.ZS,49.6440061337771
Indonesia,IDN,"Population, male (% of total)",SP.POP.TOTL.MA.ZS,50.3559938662229
Indonesia,IDN,GDP per capita (constant 2010 US$),NY.GDP.PCAP.KD,3974.05848500117
"Iran, Islamic Rep.",IRN,"Population, total",SP.POP.TOTL,80277428
"Iran, Islamic Rep.",IRN,"Population, female (% of total)",SP.POP.TOTL.FE.ZS,49.6942503017349
"Iran, Islamic Rep.",IRN,"Population, male (% of total)",SP.POP.TOTL.MA.ZS,50.3057496982651
"Iran, Islamic Rep.",IRN,GDP per capita (constant 2010 US$),NY.GDP.PCAP.KD,6733.9134736377
Iraq,IRQ,"Population, total",SP.POP.TOTL,37202572
Iraq,IRQ,"Population, female (% of total)",SP.POP.TOTL.FE.ZS,49.3865573466529
Iraq,IRQ,"Population, male (% of total)",SP.POP.TOTL.MA.ZS,50.6134426533471
Iraq,IRQ,GDP per capita (constant 2010 US$),NY.GDP.PCAP.KD,5695.67914250609
Ireland,IRL,"Population, total",SP.POP.TOTL,4773095
Ireland,IRL,"Population, female (% of total)",SP.POP.TOTL.FE.ZS,50.4118427211073
Ireland,IRL,"Population, male (% of total)",SP.POP.TOTL.MA.ZS,49.5881572788927
Ireland,IRL,GDP per capita (constant 2010 US$),NY.GDP.PCAP.KD,69632.2685741346
Isle of Man,IMN,"Population, total",SP.POP.TOTL,83737
Isle of Man,IMN,"Population, female (% of total)",SP.POP.TOTL.FE.ZS,..
Isle of Man,IMN,"Population, male (% of total)",SP.POP.TOTL.MA.ZS,..
Isle of Man,IMN,GDP per capita (constant 2010 US$),NY.GDP.PCAP.KD,..
Israel,ISR,"Population, total",SP.POP.TOTL,8547100
Israel,ISR,"Population, female (% of total)",SP.POP.TOTL.FE.ZS,50.3667560159388
Israel,ISR,"Population, male (% of total)",SP.POP.TOTL.MA.ZS,49.6332439840612
Israel,ISR,GDP per capita (constant 2010 US$),NY.GDP.PCAP.KD,33673.1277021872
Italy,ITA,"Population, total",SP.POP.TOTL,60600590
Italy,ITA,"Population, female (% of total)",SP.POP.TOTL.FE.ZS,51.2978735315294
Italy,ITA,"Population, male (% of total)",SP.POP.TOTL.MA.ZS,48.7021264684706
Italy,ITA,GDP per capita (constant 2010 US$),NY.GDP.PCAP.KD,34377.9257503853
Jamaica,JAM,"Population, total",SP.POP.TOTL,2881355
Jamaica,JAM,"Population, female (% of total)",SP.POP.TOTL.FE.ZS,50.2381344888082
Jamaica,JAM,"Population, male (% of total)",SP.POP.TOTL.MA.ZS,49.7618655111918
Jamaica,JAM,GDP per capita (constant 2010 US$),NY.GDP.PCAP.KD,4790.03910652627
Japan,JPN,"Population, total",SP.POP.TOTL,126994511
Japan,JPN,"Population, female (% of total)",SP.POP.TOTL.FE.ZS,51.1534909938868
Japan,JPN,"Population, male (% of total)",SP.POP.TOTL.MA.ZS,48.8465090061132
Japan,JPN,GDP per capita (constant 2010 US$),NY.GDP.PCAP.KD,47623.2709305964
Jordan,JOR,"Population, total",SP.POP.TOTL,9455802
Jordan,JOR,"Population, female (% of total)",SP.POP.TOTL.FE.ZS,49.3517470073127
Jordan,JOR,"Population, male (% of total)",SP.POP.TOTL.MA.ZS,50.6482529926873
Jordan,JOR,GDP per capita (constant 2010 US$),NY.GDP.PCAP.KD,3258.49324014107
Kazakhstan,KAZ,"Population, total",SP.POP.TOTL,17797032
Kazakhstan,KAZ,"Population, female (% of total)",SP.POP.TOTL.FE.ZS,51.5699637642083
Kazakhstan,KAZ,"Population, male (% of total)",SP.POP.TOTL.MA.ZS,48.4300362357917
Kazakhstan,KAZ,GDP per capita (constant 2010 US$),NY.GDP.PCAP.KD,10580.9306496013
Kenya,KEN,"Population, total",SP.POP.TOTL,48461567
Kenya,KEN,"Population, female (% of total)",SP.POP.TOTL.FE.ZS,50.2996911119088
Kenya,KEN,"Population, male (% of total)",SP.POP.TOTL.MA.ZS,49.7003088880912
Kenya,KEN,GDP per capita (constant 2010 US$),NY.GDP.PCAP.KD,1143.06537340126
Kiribati,KIR,"Population, total",SP.POP.TOTL,114395
Kiribati,KIR,"Population, female (% of total)",SP.POP.TOTL.FE.ZS,50.6984998426408
Kiribati,KIR,"Population, male (% of total)",SP.POP.TOTL.MA.ZS,49.3015001573592
Kiribati,KIR,GDP per capita (constant 2010 US$),NY.GDP.PCAP.KD,1685.99225815426
"Korea, Dem. People’s Rep.",PRK,"Population, total",SP.POP.TOTL,25368620
"Korea, Dem. People’s Rep.",PRK,"Population, female (% of total)",SP.POP.TOTL.FE.ZS,51.0925052719661
"Korea, Dem. People’s Rep.",PRK,"Population, male (% of total)",SP.POP.TOTL.MA.ZS,48.9074947280339
"Korea, Dem. People’s Rep.",PRK,GDP per capita (constant 2010 US$),NY.GDP.PCAP.KD,..
"Korea, Rep.",KOR,"Population, total",SP.POP.TOTL,51245707
"Korea, Rep.",KOR,"Population, female (% of total)",SP.POP.TOTL.FE.ZS,49.953755444394
"Korea, Rep.",KOR,"Population, male (% of total)",SP.POP.TOTL.MA.ZS,50.046244555606
"Korea, Rep.",KOR,GDP per capita (constant 2010 US$),NY.GDP.PCAP.KD,25458.8870089242
Kosovo,XKX,"Population, total",SP.POP.TOTL,1816200
Kosovo,XKX,"Population, female (% of total)",SP.POP.TOTL.FE.ZS,..
Kosovo,XKX,"Population, male (% of total)",SP.POP.TOTL.MA.ZS,..
Kosovo,XKX,GDP per capita (constant 2010 US$),NY.GDP.PCAP.KD,3890.06809615023
Kuwait,KWT,"Population, total",SP.POP.TOTL,4052584
Kuwait,KWT,"Population, female (% of total)",SP.POP.TOTL.FE.ZS,42.5711416995737
Kuwait,KWT,"Population, male (% of total)",SP.POP.TOTL.MA.ZS,57.4288583004263
Kuwait,KWT,GDP per capita (constant 2010 US$),NY.GDP.PCAP.KD,35250.9145753869
Kyrgyz Republic,KGZ,"Population, total",SP.POP.TOTL,6082700
Kyrgyz Republic,KGZ,"Population, female (% of total)",SP.POP.TOTL.FE.ZS,50.4110910203053
Kyrgyz Republic,KGZ,"Population, male (% of total)",SP.POP.TOTL.MA.ZS,49.5889089796947
Kyrgyz Republic,KGZ,GDP per capita (constant 2010 US$),NY.GDP.PCAP.KD,1038.30795831169
Lao PDR,LAO,"Population, total",SP.POP.TOTL,6758353
Lao PDR,LAO,"Population, female (% of total)",SP.POP.TOTL.FE.ZS,50.1375038951792
Lao PDR,LAO,"Population, male (% of total)",SP.POP.TOTL.MA.ZS,49.8624961048208
Lao PDR,LAO,GDP per capita (constant 2010 US$),NY.GDP.PCAP.KD,1642.73009632561
Latvia,LVA,"Population, total",SP.POP.TOTL,1960424
Latvia,LVA,"Population, female (% of total)",SP.POP.TOTL.FE.ZS,54.0863708471748
Latvia,LVA,"Population, male (% of total)",SP.POP.TOTL.MA.ZS,45.9136291528252
Latvia,LVA,GDP per capita (constant 2010 US$),NY.GDP.PCAP.KD,14718.0277330457
Lebanon,LBN,"Population, total",SP.POP.TOTL,6006668
Lebanon,LBN,"Population, female (% of total)",SP.POP.TOTL.FE.ZS,49.8212903024954
Lebanon,LBN,"Population, male (% of total)",SP.POP.TOTL.MA.ZS,50.1787096975046
Lebanon,LBN,GDP per capita (constant 2010 US$),NY.GDP.PCAP.KD,7143.95909540687
Lesotho,LSO,"Population, total",SP.POP.TOTL,2203821
Lesotho,LSO,"Population, female (% of total)",SP.POP.TOTL.FE.ZS,51.4761380781142
Lesotho,LSO,"Population, male (% of total)",SP.POP.TOTL.MA.ZS,48.5238619218858
Lesotho,LSO,GDP per capita (constant 2010 US$),NY.GDP.PCAP.KD,1352.47670903277
Liberia,LBR,"Population, total",SP.POP.TOTL,4613823
Liberia,LBR,"Population, female (% of total)",SP.POP.TOTL.FE.ZS,49.5679076029709
Liberia,LBR,"Population, male (% of total)",SP.POP.TOTL.MA.ZS,50.4320923970291
Liberia,LBR,GDP per capita (constant 2010 US$),NY.GDP.PCAP.KD,352.646078449267
Libya,LBY,"Population, total",SP.POP.TOTL,6293253
Libya,LBY,"Population, female (% of total)",SP.POP.TOTL.FE.ZS,49.5604976376291
Libya,LBY,"Population, male (% of total)",SP.POP.TOTL.MA.ZS,50.4395023623709
Libya,LBY,GDP per capita (constant 2010 US$),NY.GDP.PCAP.KD,..
Liechtenstein,LIE,"Population, total",SP.POP.TOTL,37666
Liechtenstein,LIE,"Population, female (% of total)",SP.POP.TOTL.FE.ZS,..
Liechtenstein,LIE,"Population, male (% of total)",SP.POP.TOTL.MA.ZS,..
Liechtenstein,LIE,GDP per capita (constant 2010 US$),NY.GDP.PCAP.KD,..
Lithuania,LTU,"Population, total",SP.POP.TOTL,2872298
Lithuania,LTU,"Population, female (% of total)",SP.POP.TOTL.FE.ZS,53.9370284509431
Lithuania,LTU,"Population, male (% of total)",SP.POP.TOTL.MA.ZS,46.0629715490569
Lithuania,LTU,GDP per capita (constant 2010 US$),NY.GDP.PCAP.KD,15872.7227865275
Luxembourg,LUX,"Population, total",SP.POP.TOTL,582972
Luxembourg,LUX,"Population, female (% of total)",SP.POP.TOTL.FE.ZS,49.766126665034
Luxembourg,LUX,"Population, male (% of total)",SP.POP.TOTL.MA.ZS,50.233873334966
Luxembourg,LUX,GDP per capita (constant 2010 US$),NY.GDP.PCAP.KD,108422.470570618
"Macao SAR, China",MAC,"Population, total",SP.POP.TOTL,612167
"Macao SAR, China",MAC,"Population, female (% of total)",SP.POP.TOTL.FE.ZS,52.0227521844743
"Macao SAR, China",MAC,"Population, male (% of total)",SP.POP.TOTL.MA.ZS,47.9772478155257
"Macao SAR, China",MAC,GDP per capita (constant 2010 US$),NY.GDP.PCAP.KD,51511.4402022614
"Macedonia, FYR",MKD,"Population, total",SP.POP.TOTL,2081206
"Macedonia, FYR",MKD,"Population, female (% of total)",SP.POP.TOTL.FE.ZS,50.0054776090717
"Macedonia, FYR",MKD,"Population, male (% of total)",SP.POP.TOTL.MA.ZS,49.9945223909283
"Macedonia, FYR",MKD,GDP per capita (constant 2010 US$),NY.GDP.PCAP.KD,5222.82674665098
Madagascar,MDG,"Population, total",SP.POP.TOTL,24894551
Madagascar,MDG,"Population, female (% of total)",SP.POP.TOTL.FE.ZS,50.1377550895391
Madagascar,MDG,"Population, male (% of total)",SP.POP.TOTL.MA.ZS,49.8622449104609
Madagascar,MDG,GDP per capita (constant 2010 US$),NY.GDP.PCAP.KD,416.002717237602
Malawi,MWI,"Population, total",SP.POP.TOTL,18091575
Malawi,MWI,"Population, female (% of total)",SP.POP.TOTL.FE.ZS,50.470882034626
Malawi,MWI,"Population, male (% of total)",SP.POP.TOTL.MA.ZS,49.5291179653739
Malawi,MWI,GDP per capita (constant 2010 US$),NY.GDP.PCAP.KD,481.451936704379
Malaysia,MYS,"Population, total",SP.POP.TOTL,31187265
Malaysia,MYS,"Population, female (% of total)",SP.POP.TOTL.FE.ZS,48.3415249250463
Malaysia,MYS,"Population, male (% of total)",SP.POP.TOTL.MA.ZS,51.6584750749537
Malaysia,MYS,GDP per capita (constant 2010 US$),NY.GDP.PCAP.KD,11031.8215581749
Maldives,MDV,"Population, total",SP.POP.TOTL,417492
Maldives,MDV,"Population, female (% of total)",SP.POP.TOTL.FE.ZS,43.2574406257817
Maldives,MDV,"Population, male (% of total)",SP.POP.TOTL.MA.ZS,56.7425593742183
Maldives,MDV,GDP per capita (constant 2010 US$),NY.GDP.PCAP.KD,8623.87452377238
Mali,MLI,"Population, total",SP.POP.TOTL,17994837
Mali,MLI,"Population, female (% of total)",SP.POP.TOTL.FE.ZS,49.97481221695
Mali,MLI,"Population, male (% of total)",SP.POP.TOTL.MA.ZS,50.02518778305
Mali,MLI,GDP per capita (constant 2010 US$),NY.GDP.PCAP.KD,745.870724513615
Malta,MLT,"Population, total",SP.POP.TOTL,436947
Malta,MLT,"Population, female (% of total)",SP.POP.TOTL.FE.ZS,49.7986524034778
Malta,MLT,"Population, male (% of total)",SP.POP.TOTL.MA.ZS,50.2013475965222
Malta,MLT,GDP per capita (constant 2010 US$),NY.GDP.PCAP.KD,26606.3053425535
Marshall Islands,MHL,"Population, total",SP.POP.TOTL,53066
Marshall Islands,MHL,"Population, female (% of total)",SP.POP.TOTL.FE.ZS,..
Marshall Islands,MHL,"Population, male (% of total)",SP.POP.TOTL.MA.ZS,..
Marshall Islands,MHL,GDP per capita (constant 2010 US$),NY.GDP.PCAP.KD,3373.94553773079
Mauritania,MRT,"Population, total",SP.POP.TOTL,4301018
Mauritania,MRT,"Population, female (% of total)",SP.POP.TOTL.FE.ZS,49.6189510307085
Mauritania,MRT,"Population, male (% of total)",SP.POP.TOTL.MA.ZS,50.3810489692915
Mauritania,MRT,GDP per capita (constant 2010 US$),NY.GDP.PCAP.KD,1296.00745761869
Mauritius,MUS,"Population, total",SP.POP.TOTL,1263473
Mauritius,MUS,"Population, female (% of total)",SP.POP.TOTL.FE.ZS,50.5001877783993
Mauritius,MUS,"Population, male (% of total)",SP.POP.TOTL.MA.ZS,49.4998122216007
Mauritius,MUS,GDP per capita (constant 2010 US$),NY.GDP.PCAP.KD,9822.00813402346
Mexico,MEX,"Population, total",SP.POP.TOTL,127540423
Mexico,MEX,"Population, female (% of total)",SP.POP.TOTL.FE.ZS,50.2106822126913
Mexico,MEX,"Population, male (% of total)",SP.POP.TOTL.MA.ZS,49.7893177873087
Mexico,MEX,GDP per capita (constant 2010 US$),NY.GDP.PCAP.KD,9707.90800508327
"Micronesia, Fed. Sts.",FSM,"Population, total",SP.POP.TOTL,104937
"Micronesia, Fed. Sts.",FSM,"Population, female (% of total)",SP.POP.TOTL.FE.ZS,48.7640085385378
"Micronesia, Fed. Sts.",FSM,"Population, male (% of total)",SP.POP.TOTL.MA.ZS,51.2359914614622
"Micronesia, Fed. Sts.",FSM,GDP per capita (constant 2010 US$),NY.GDP.PCAP.KD,2823.43352650754
Moldova,MDA,"Population, total",SP.POP.TOTL,3552000
Moldova,MDA,"Population, female (% of total)",SP.POP.TOTL.FE.ZS,51.985302032782
Moldova,MDA,"Population, male (% of total)",SP.POP.TOTL.MA.ZS,48.014697967218
Moldova,MDA,GDP per capita (constant 2010 US$),NY.GDP.PCAP.KD,2062.6817875778
Monaco,MCO,"Population, total",SP.POP.TOTL,38499
Monaco,MCO,"Population, female (% of total)",SP.POP.TOTL.FE.ZS,..
Monaco,MCO,"Population, male (% of total)",SP.POP.TOTL.MA.ZS,..
Monaco,MCO,GDP per capita (constant 2010 US$),NY.GDP.PCAP.KD,..
Mongolia,MNG,"Population, total",SP.POP.TOTL,3027398
Mongolia,MNG,"Population, female (% of total)",SP.POP.TOTL.FE.ZS,50.5090513431345
Mongolia,MNG,"Population, male (% of total)",SP.POP.TOTL.MA.ZS,49.4909486568655
Mongolia,MNG,GDP per capita (constant 2010 US$),NY.GDP.PCAP.KD,3906.11587467046
Montenegro,MNE,"Population, total",SP.POP.TOTL,622781
Montenegro,MNE,"Population, female (% of total)",SP.POP.TOTL.FE.ZS,50.6708409294098
Montenegro,MNE,"Population, male (% of total)",SP.POP.TOTL.MA.ZS,49.3291590705902
Montenegro,MNE,GDP per capita (constant 2010 US$),NY.GDP.PCAP.KD,7487.1106407484
Morocco,MAR,"Population, total",SP.POP.TOTL,35276786
Morocco,MAR,"Population, female (% of total)",SP.POP.TOTL.FE.ZS,50.49243847081
Morocco,MAR,"Population, male (% of total)",SP.POP.TOTL.MA.ZS,49.50756152919
Morocco,MAR,GDP per capita (constant 2010 US$),NY.GDP.PCAP.KD,3196.04028048802
Mozambique,MOZ,"Population, total",SP.POP.TOTL,28829476
Mozambique,MOZ,"Population, female (% of total)",SP.POP.TOTL.FE.ZS,51.1948866491515
Mozambique,MOZ,"Population, male (% of total)",SP.POP.TOTL.MA.ZS,48.8051133508485
Mozambique,MOZ,GDP per capita (constant 2010 US$),NY.GDP.PCAP.KD,515.387281654551
Myanmar,MMR,"Population, total",SP.POP.TOTL,52885223
Myanmar,MMR,"Population, female (% of total)",SP.POP.TOTL.FE.ZS,51.1582509402675
Myanmar,MMR,"Population, male (% of total)",SP.POP.TOTL.MA.ZS,48.8417490597325
Myanmar,MMR,GDP per capita (constant 2010 US$),NY.GDP.PCAP.KD,1408.14066001777
Namibia,NAM,"Population, total",SP.POP.TOTL,2479713
Namibia,NAM,"Population, female (% of total)",SP.POP.TOTL.FE.ZS,51.374494850408
Namibia,NAM,"Population, male (% of total)",SP.POP.TOTL.MA.ZS,48.625505149592
Namibia,NAM,GDP per capita (constant 2010 US$),NY.GDP.PCAP.KD,6045.21705360856
Nauru,NRU,"Population, total",SP.POP.TOTL,13049
Nauru,NRU,"Population, female (% of total)",SP.POP.TOTL.FE.ZS,..
Nauru,NRU,"Population, male (% of total)",SP.POP.TOTL.MA.ZS,..
Nauru,NRU,GDP per capita (constant 2010 US$),NY.GDP.PCAP.KD,9650.56845284763
Nepal,NPL,"Population, total",SP.POP.TOTL,28982771
Nepal,NPL,"Population, female (% of total)",SP.POP.TOTL.FE.ZS,51.4770291813357
Nepal,NPL,"Population, male (% of total)",SP.POP.TOTL.MA.ZS,48.5229708186643
Nepal,NPL,GDP per capita (constant 2010 US$),NY.GDP.PCAP.KD,685.118550346198
Netherlands,NLD,"Population, total",SP.POP.TOTL,17018408
Netherlands,NLD,"Population, female (% of total)",SP.POP.TOTL.FE.ZS,50.2685384544065
Netherlands,NLD,"Population, male (% of total)",SP.POP.TOTL.MA.ZS,49.7314615455936
Netherlands,NLD,GDP per capita (constant 2010 US$),NY.GDP.PCAP.KD,52304.2980206259
New Caledonia,NCL,"Population, total",SP.POP.TOTL,278000
New Caledonia,NCL,"Population, female (% of total)",SP.POP.TOTL.FE.ZS,49.5788087824878
New Caledonia,NCL,"Population, male (% of total)",SP.POP.TOTL.MA.ZS,50.4211912175122
New Caledonia,NCL,GDP per capita (constant 2010 US$),NY.GDP.PCAP.KD,..
New Zealand,NZL,"Population, total",SP.POP.TOTL,4692700
New Zealand,NZL,"Population, female (% of total)",SP.POP.TOTL.FE.ZS,50.8265044410507
New Zealand,NZL,"Population, male (% of total)",SP.POP.TOTL.MA.ZS,49.1734955589493
New Zealand,NZL,GDP per capita (constant 2010 US$),NY.GDP.PCAP.KD,36844.4500819111
Nicaragua,NIC,"Population, total",SP.POP.TOTL,6149928
Nicaragua,NIC,"Population, female (% of total)",SP.POP.TOTL.FE.ZS,50.7024390037674
Nicaragua,NIC,"Population, male (% of total)",SP.POP.TOTL.MA.ZS,49.2975609962326
Nicaragua,NIC,GDP per capita (constant 2010 US$),NY.GDP.PCAP.KD,1946.37340677005
Niger,NER,"Population, total",SP.POP.TOTL,20672987
Niger,NER,"Population, female (% of total)",SP.POP.TOTL.FE.ZS,49.8795093885836
Niger,NER,"Population, male (% of total)",SP.POP.TOTL.MA.ZS,50.1204906114164
Niger,NER,GDP per capita (constant 2010 US$),NY.GDP.PCAP.KD,391.132585407736
Nigeria,NGA,"Population, total",SP.POP.TOTL,185989640
Nigeria,NGA,"Population, female (% of total)",SP.POP.TOTL.FE.ZS,49.3376311353248
Nigeria,NGA,"Population, male (% of total)",SP.POP.TOTL.MA.ZS,50.6623688646752
Nigeria,NGA,GDP per capita (constant 2010 US$),NY.GDP.PCAP.KD,2455.91855879433
Northern Mariana Islands,MNP,"Population, total",SP.POP.TOTL,55023
Northern Mariana Islands,MNP,"Population, female (% of total)",SP.POP.TOTL.FE.ZS,..
Northern Mariana Islands,MNP,"Population, male (% of total)",SP.POP.TOTL.MA.ZS,..
Northern Mariana Islands,MNP,GDP per capita (constant 2010 US$),NY.GDP.PCAP.KD,19115.3764753192
Norway,NOR,"Population, total",SP.POP.TOTL,5232929
Norway,NOR,"Population, female (% of total)",SP.POP.TOTL.FE.ZS,49.5977784421577
Norway,NOR,"Population, male (% of total)",SP.POP.TOTL.MA.ZS,50.4022215578423
Norway,NOR,GDP per capita (constant 2010 US$),NY.GDP.PCAP.KD,90344.4147162688
Oman,OMN,"Population, total",SP.POP.TOTL,4424762
Oman,OMN,"Population, female (% of total)",SP.POP.TOTL.FE.ZS,34.6056065903732
Oman,OMN,"Population, male (% of total)",SP.POP.TOTL.MA.ZS,65.3943934096268
Oman,OMN,GDP per capita (constant 2010 US$),NY.GDP.PCAP.KD,..
Pakistan,PAK,"Population, total",SP.POP.TOTL,193203476
Pakistan,PAK,"Population, female (% of total)",SP.POP.TOTL.FE.ZS,48.6319607253867
Pakistan,PAK,"Population, male (% of total)",SP.POP.TOTL.MA.ZS,51.3680392746133
Pakistan,PAK,GDP per capita (constant 2010 US$),NY.GDP.PCAP.KD,1178.7981111199
Palau,PLW,"Population, total",SP.POP.TOTL,21503
Palau,PLW,"Population, female (% of total)",SP.POP.TOTL.FE.ZS,..
Palau,PLW,"Population, male (% of total)",SP.POP.TOTL.MA.ZS,..
Palau,PLW,GDP per capita (constant 2010 US$),NY.GDP.PCAP.KD,10909.9048910255
Panama,PAN,"Population, total",SP.POP.TOTL,4034119
Panama,PAN,"Population, female (% of total)",SP.POP.TOTL.FE.ZS,49.8757598923583
Panama,PAN,"Population, male (% of total)",SP.POP.TOTL.MA.ZS,50.1242401076417
Panama,PAN,GDP per capita (constant 2010 US$),NY.GDP.PCAP.KD,10982.3730512324
Papua New Guinea,PNG,"Population, total",SP.POP.TOTL,8084991
Papua New Guinea,PNG,"Population, female (% of total)",SP.POP.TOTL.FE.ZS,49.1288860732471
Papua New Guinea,PNG,"Population, male (% of total)",SP.POP.TOTL.MA.ZS,50.8711139267529
Papua New Guinea,PNG,GDP per capita (constant 2010 US$),NY.GDP.PCAP.KD,2436.18005932647
Paraguay,PRY,"Population, total",SP.POP.TOTL,6725308
Paraguay,PRY,"Population, female (% of total)",SP.POP.TOTL.FE.ZS,49.2629997488589
Paraguay,PRY,"Population, male (% of total)",SP.POP.TOTL.MA.ZS,50.7370002511411
Paraguay,PRY,GDP per capita (constant 2010 US$),NY.GDP.PCAP.KD,3925.56335604613
Peru,PER,"Population, total",SP.POP.TOTL,31773839
Peru,PER,"Population, female (% of total)",SP.POP.TOTL.FE.ZS,50.0515298151895
Peru,PER,"Population, male (% of total)",SP.POP.TOTL.MA.ZS,49.9484701848105
Peru,PER,GDP per capita (constant 2010 US$),NY.GDP.PCAP.KD,6089.40346827584
Philippines,PHL,"Population, total",SP.POP.TOTL,103320222
Philippines,PHL,"Population, female (% of total)",SP.POP.TOTL.FE.ZS,49.6515580531455
Philippines,PHL,"Population, male (% of total)",SP.POP.TOTL.MA.ZS,50.3484419468545
Philippines,PHL,GDP per capita (constant 2010 US$),NY.GDP.PCAP.KD,2753.34986229986
Poland,POL,"Population, total",SP.POP.TOTL,37948016
Poland,POL,"Population, female (% of total)",SP.POP.TOTL.FE.ZS,51.7017438622396
Poland,POL,"Population, male (% of total)",SP.POP.TOTL.MA.ZS,48.2982561377604
Poland,POL,GDP per capita (constant 2010 US$),NY.GDP.PCAP.KD,15074.733788871
Portugal,PRT,"Population, total",SP.POP.TOTL,10324611
Portugal,PRT,"Population, female (% of total)",SP.POP.TOTL.FE.ZS,52.6621471576111
Portugal,PRT,"Population, male (% of total)",SP.POP.TOTL.MA.ZS,47.3378528423889
Portugal,PRT,GDP per capita (constant 2010 US$),NY.GDP.PCAP.KD,22428.1146798288
Puerto Rico,PRI,"Population, total",SP.POP.TOTL,3411307
Puerto Rico,PRI,"Population, female (% of total)",SP.POP.TOTL.FE.ZS,51.9346581390105
Puerto Rico,PRI,"Population, male (% of total)",SP.POP.TOTL.MA.ZS,48.0653418609895
Puerto Rico,PRI,GDP per capita (constant 2010 US$),NY.GDP.PCAP.KD,..
Qatar,QAT,"Population, total",SP.POP.TOTL,2569804
Qatar,QAT,"Population, female (% of total)",SP.POP.TOTL.FE.ZS,24.7661200225231
Qatar,QAT,"Population, male (% of total)",SP.POP.TOTL.MA.ZS,75.2338799774768
Qatar,QAT,GDP per capita (constant 2010 US$),NY.GDP.PCAP.KD,66410.7564675877
Romania,ROU,"Population, total",SP.POP.TOTL,19705301
Romania,ROU,"Population, female (% of total)",SP.POP.TOTL.FE.ZS,51.5439688378355
Romania,ROU,"Population, male (% of total)",SP.POP.TOTL.MA.ZS,48.4560311621645
Romania,ROU,GDP per capita (constant 2010 US$),NY.GDP.PCAP.KD,10062.4276044995
Russian Federation,RUS,"Population, total",SP.POP.TOTL,144342396
Russian Federation,RUS,"Population, female (% of total)",SP.POP.TOTL.FE.ZS,53.5311383340241
Russian Federation,RUS,"Population, male (% of total)",SP.POP.TOTL.MA.ZS,46.4688616659759
Russian Federation,RUS,GDP per capita (constant 2010 US$),NY.GDP.PCAP.KD,11099.17305721
Rwanda,RWA,"Population, total",SP.POP.TOTL,11917508
Rwanda,RWA,"Population, female (% of total)",SP.POP.TOTL.FE.ZS,50.9692669887194
Rwanda,RWA,"Population, male (% of total)",SP.POP.TOTL.MA.ZS,49.0307330112806
Rwanda,RWA,GDP per capita (constant 2010 US$),NY.GDP.PCAP.KD,738.63911062682
Samoa,WSM,"Population, total",SP.POP.TOTL,195125
Samoa,WSM,"Population, female (% of total)",SP.POP.TOTL.FE.ZS,48.408041529797
Samoa,WSM,"Population, male (% of total)",SP.POP.TOTL.MA.ZS,51.591958470203
Samoa,WSM,GDP per capita (constant 2010 US$),NY.GDP.PCAP.KD,3782.40485346283
San Marino,SMR,"Population, total",SP.POP.TOTL,33203
San Marino,SMR,"Population, female (% of total)",SP.POP.TOTL.FE.ZS,..
San Marino,SMR,"Population, male (% of total)",SP.POP.TOTL.MA.ZS,..
San Marino,SMR,GDP per capita (constant 2010 US$),NY.GDP.PCAP.KD,52596.224499382
Sao Tome and Principe,STP,"Population, total",SP.POP.TOTL,199910
Sao Tome and Principe,STP,"Population, female (% of total)",SP.POP.TOTL.FE.ZS,50.2063438864684
Sao Tome and Principe,STP,"Population, male (% of total)",SP.POP.TOTL.MA.ZS,49.7936561135317
Sao Tome and Principe,STP,GDP per capita (constant 2010 US$),NY.GDP.PCAP.KD,1283.88670745623
Saudi Arabia,SAU,"Population, total",SP.POP.TOTL,32275687
Saudi Arabia,SAU,"Population, female (% of total)",SP.POP.TOTL.FE.ZS,43.1258152227207
Saudi Arabia,SAU,"Population, male (% of total)",SP.POP.TOTL.MA.ZS,56.8741847772793
Saudi Arabia,SAU,GDP per capita (constant 2010 US$),NY.GDP.PCAP.KD,21395.3597802581
Senegal,SEN,"Population, total",SP.POP.TOTL,15411614
Senegal,SEN,"Population, female (% of total)",SP.POP.TOTL.FE.ZS,50.8933133155294
Senegal,SEN,"Population, male (% of total)",SP.POP.TOTL.MA.ZS,49.1066866844706
Senegal,SEN,GDP per capita (constant 2010 US$),NY.GDP.PCAP.KD,1092.25116227774
Serbia,SRB,"Population, total",SP.POP.TOTL,7057412
Serbia,SRB,"Population, female (% of total)",SP.POP.TOTL.FE.ZS,51.132954447924
Serbia,SRB,"Population, male (% of total)",SP.POP.TOTL.MA.ZS,48.867045552076
Serbia,SRB,GDP per capita (constant 2010 US$),NY.GDP.PCAP.KD,5853.13891973282
Seychelles,SYC,"Population, total",SP.POP.TOTL,94677
Seychelles,SYC,"Population, female (% of total)",SP.POP.TOTL.FE.ZS,50.64576722665
Seychelles,SYC,"Population, male (% of total)",SP.POP.TOTL.MA.ZS,49.35423277335
Seychelles,SYC,GDP per capita (constant 2010 US$),NY.GDP.PCAP.KD,13963.5916450155
Sierra Leone,SLE,"Population, total",SP.POP.TOTL,7396190
Sierra Leone,SLE,"Population, female (% of total)",SP.POP.TOTL.FE.ZS,50.4930381648261
Sierra Leone,SLE,"Population, male (% of total)",SP.POP.TOTL.MA.ZS,49.5069618351739
Sierra Leone,SLE,GDP per capita (constant 2010 US$),NY.GDP.PCAP.KD,455.588877378324
Singapore,SGP,"Population, total",SP.POP.TOTL,5607283
Singapore,SGP,"Population, female (% of total)",SP.POP.TOTL.FE.ZS,50.5981286104126
Singapore,SGP,"Population, male (% of total)",SP.POP.TOTL.MA.ZS,49.4018713895874
Singapore,SGP,GDP per capita (constant 2010 US$),NY.GDP.PCAP.KD,52600.6412258486
Sint Maarten (Dutch part),SXM,"Population, total",SP.POP.TOTL,40005
Sint Maarten (Dutch part),SXM,"Population, female (% of total)",SP.POP.TOTL.FE.ZS,..
Sint Maarten (Dutch part),SXM,"Population, male (% of total)",SP.POP.TOTL.MA.ZS,..
Sint Maarten (Dutch part),SXM,GDP per capita (constant 2010 US$),NY.GDP.PCAP.KD,..
Slovak Republic,SVK,"Population, total",SP.POP.TOTL,5428704
Slovak Republic,SVK,"Population, female (% of total)",SP.POP.TOTL.FE.ZS,51.3885080061901
Slovak Republic,SVK,"Population, male (% of total)",SP.POP.TOTL.MA.ZS,48.6114919938099
Slovak Republic,SVK,GDP per capita (constant 2010 US$),NY.GDP.PCAP.KD,19282.5216854762
Slovenia,SVN,"Population, total",SP.POP.TOTL,2064845
Slovenia,SVN,"Population, female (% of total)",SP.POP.TOTL.FE.ZS,50.368070996121
Slovenia,SVN,"Population, male (% of total)",SP.POP.TOTL.MA.ZS,49.631929003879
Slovenia,SVN,GDP per capita (constant 2010 US$),NY.GDP.PCAP.KD,24462.7315860598
Solomon Islands,SLB,"Population, total",SP.POP.TOTL,599419
Solomon Islands,SLB,"Population, female (% of total)",SP.POP.TOTL.FE.ZS,49.1636999396089
Solomon Islands,SLB,"Population, male (% of total)",SP.POP.TOTL.MA.ZS,50.8363000603911
Solomon Islands,SLB,GDP per capita (constant 2010 US$),NY.GDP.PCAP.KD,1479.3432030439
Somalia,SOM,"Population, total",SP.POP.TOTL,14317996
Somalia,SOM,"Population, female (% of total)",SP.POP.TOTL.FE.ZS,50.1858605981608
Somalia,SOM,"Population, male (% of total)",SP.POP.TOTL.MA.ZS,49.8141394018392
Somalia,SOM,GDP per capita (constant 2010 US$),NY.GDP.PCAP.KD,..
South Africa,ZAF,"Population, total",SP.POP.TOTL,55908865
South Africa,ZAF,"Population, female (% of total)",SP.POP.TOTL.FE.ZS,50.9079017896394
South Africa,ZAF,"Population, male (% of total)",SP.POP.TOTL.MA.ZS,49.0920982103606
South Africa,ZAF,GDP per capita (constant 2010 US$),NY.GDP.PCAP.KD,7503.27038122162
South Sudan,SSD,"Population, total",SP.POP.TOTL,12230730
South Sudan,SSD,"Population, female (% of total)",SP.POP.TOTL.FE.ZS,49.9092286396642
South Sudan,SSD,"Population, male (% of total)",SP.POP.TOTL.MA.ZS,50.0907713603358
South Sudan,SSD,GDP per capita (constant 2010 US$),NY.GDP.PCAP.KD,..
Spain,ESP,"Population, total",SP.POP.TOTL,46443959
Spain,ESP,"Population, female (% of total)",SP.POP.TOTL.FE.ZS,50.9592982606189
Spain,ESP,"Population, male (% of total)",SP.POP.TOTL.MA.ZS,49.0407017393811
Spain,ESP,GDP per capita (constant 2010 US$),NY.GDP.PCAP.KD,31532.816377945
Sri Lanka,LKA,"Population, total",SP.POP.TOTL,21203000
Sri Lanka,LKA,"Population, female (% of total)",SP.POP.TOTL.FE.ZS,51.8882692018378
Sri Lanka,LKA,"Population, male (% of total)",SP.POP.TOTL.MA.ZS,48.1117307981622
Sri Lanka,LKA,GDP per capita (constant 2010 US$),NY.GDP.PCAP.KD,3759.22963897692
St. Kitts and Nevis,KNA,"Population, total",SP.POP.TOTL,54821
St. Kitts and Nevis,KNA,"Population, female (% of total)",SP.POP.TOTL.FE.ZS,..
St. Kitts and Nevis,KNA,"Population, male (% of total)",SP.POP.TOTL.MA.ZS,..
St. Kitts and Nevis,KNA,GDP per capita (constant 2010 US$),NY.GDP.PCAP.KD,15657.2242835482
St. Lucia,LCA,"Population, total",SP.POP.TOTL,178015
St. Lucia,LCA,"Population, female (% of total)",SP.POP.TOTL.FE.ZS,51.0305542915887
St. Lucia,LCA,"Population, male (% of total)",SP.POP.TOTL.MA.ZS,48.9694457084113
St. Lucia,LCA,GDP per capita (constant 2010 US$),NY.GDP.PCAP.KD,8151.63416014649
St. Martin (French part),MAF,"Population, total",SP.POP.TOTL,31949
St. Martin (French part),MAF,"Population, female (% of total)",SP.POP.TOTL.FE.ZS,..
St. Martin (French part),MAF,"Population, male (% of total)",SP.POP.TOTL.MA.ZS,..
St. Martin (French part),MAF,GDP per capita (constant 2010 US$),NY.GDP.PCAP.KD,..
St. Vincent and the Grenadines,VCT,"Population, total",SP.POP.TOTL,109643
St. Vincent and the Grenadines,VCT,"Population, female (% of total)",SP.POP.TOTL.FE.ZS,49.5576593338441
St. Vincent and the Grenadines,VCT,"Population, male (% of total)",SP.POP.TOTL.MA.ZS,50.4423406661559
St. Vincent and the Grenadines,VCT,GDP per capita (constant 2010 US$),NY.GDP.PCAP.KD,6676.61534281617
Sudan,SDN,"Population, total",SP.POP.TOTL,39578828
Sudan,SDN,"Population, female (% of total)",SP.POP.TOTL.FE.ZS,50.0346321540715
Sudan,SDN,"Population, male (% of total)",SP.POP.TOTL.MA.ZS,49.9653678459285
Sudan,SDN,GDP per capita (constant 2010 US$),NY.GDP.PCAP.KD,1923.4226201404
Suriname,SUR,"Population, total",SP.POP.TOTL,558368
Suriname,SUR,"Population, female (% of total)",SP.POP.TOTL.FE.ZS,49.8004871409127
Suriname,SUR,"Population, male (% of total)",SP.POP.TOTL.MA.ZS,50.1995128590873
Suriname,SUR,GDP per capita (constant 2010 US$),NY.GDP.PCAP.KD,8108.23664453198
Swaziland,SWZ,"Population, total",SP.POP.TOTL,1343098
Swaziland,SWZ,"Population, female (% of total)",SP.POP.TOTL.FE.ZS,51.5579652415535
Swaziland,SWZ,"Population, male (% of total)",SP.POP.TOTL.MA.ZS,48.4420347584465
Swaziland,SWZ,GDP per capita (constant 2010 US$),NY.GDP.PCAP.KD,3906.26187791264
Sweden,SWE,"Population, total",SP.POP.TOTL,9903122
Sweden,SWE,"Population, female (% of total)",SP.POP.TOTL.FE.ZS,49.9866684164264
Sweden,SWE,"Population, male (% of total)",SP.POP.TOTL.MA.ZS,50.0133315835736
Sweden,SWE,GDP per capita (constant 2010 US$),NY.GDP.PCAP.KD,56586.8627335729
Switzerland,CHE,"Population, total",SP.POP.TOTL,8372098
Switzerland,CHE,"Population, female (% of total)",SP.POP.TOTL.FE.ZS,50.4811977132367
Switzerland,CHE,"Population, male (% of total)",SP.POP.TOTL.MA.ZS,49.5188022867633
Switzerland,CHE,GDP per capita (constant 2010 US$),NY.GDP.PCAP.KD,76694.0023451965
Syrian Arab Republic,SYR,"Population, total",SP.POP.TOTL,18430453
Syrian Arab Republic,SYR,"Population, female (% of total)",SP.POP.TOTL.FE.ZS,49.4337659524701
Syrian Arab Republic,SYR,"Population, male (% of total)",SP.POP.TOTL.MA.ZS,50.5662340475299
Syrian Arab Republic,SYR,GDP per capita (constant 2010 US$),NY.GDP.PCAP.KD,..
Tajikistan,TJK,"Population, total",SP.POP.TOTL,8734951
Tajikistan,TJK,"Population, female (% of total)",SP.POP.TOTL.FE.ZS,49.7550014877015
Tajikistan,TJK,"Population, male (% of total)",SP.POP.TOTL.MA.ZS,50.2449985122985
Tajikistan,TJK,GDP per capita (constant 2010 US$),NY.GDP.PCAP.KD,968.385602564592
Tanzania,TZA,"Population, total",SP.POP.TOTL,55572201
Tanzania,TZA,"Population, female (% of total)",SP.POP.TOTL.FE.ZS,50.5639753837328
Tanzania,TZA,"Population, male (% of total)",SP.POP.TOTL.MA.ZS,49.4360246162672
Tanzania,TZA,GDP per capita (constant 2010 US$),NY.GDP.PCAP.KD,866.95440122464
Thailand,THA,"Population, total",SP.POP.TOTL,68863514
Thailand,THA,"Population, female (% of total)",SP.POP.TOTL.FE.ZS,51.2038500385088
Thailand,THA,"Population, male (% of total)",SP.POP.TOTL.MA.ZS,48.7961499614912
Thailand,THA,GDP per capita (constant 2010 US$),NY.GDP.PCAP.KD,5901.88412305308
Timor-Leste,TLS,"Population, total",SP.POP.TOTL,1268671
Timor-Leste,TLS,"Population, female (% of total)",SP.POP.TOTL.FE.ZS,49.218116337857
Timor-Leste,TLS,"Population, male (% of total)",SP.POP.TOTL.MA.ZS,50.781883662143
Timor-Leste,TLS,GDP per capita (constant 2010 US$),NY.GDP.PCAP.KD,939.801679000663
Togo,TGO,"Population, total",SP.POP.TOTL,7606374
Togo,TGO,"Population, female (% of total)",SP.POP.TOTL.FE.ZS,50.1612135829855
Togo,TGO,"Population, male (% of total)",SP.POP.TOTL.MA.ZS,49.8387864170145
Togo,TGO,GDP per capita (constant 2010 US$),NY.GDP.PCAP.KD,558.118723194939
Tonga,TON,"Population, total",SP.POP.TOTL,107122
Tonga,TON,"Population, female (% of total)",SP.POP.TOTL.FE.ZS,49.8468978136261
Tonga,TON,"Population, male (% of total)",SP.POP.TOTL.MA.ZS,50.1531021863739
Tonga,TON,GDP per capita (constant 2010 US$),NY.GDP.PCAP.KD,3792.29014891156
Trinidad and Tobago,TTO,"Population, total",SP.POP.TOTL,1364962
Trinidad and Tobago,TTO,"Population, female (% of total)",SP.POP.TOTL.FE.ZS,50.6963914825655
Trinidad and Tobago,TTO,"Population, male (% of total)",SP.POP.TOTL.MA.ZS,49.3036085174345
Trinidad and Tobago,TTO,GDP per capita (constant 2010 US$),NY.GDP.PCAP.KD,16259.0416707916
Tunisia,TUN,"Population, total",SP.POP.TOTL,11403248
Tunisia,TUN,"Population, female (% of total)",SP.POP.TOTL.FE.ZS,50.5985969437307
Tunisia,TUN,"Population, male (% of total)",SP.POP.TOTL.MA.ZS,49.4014030562693
Tunisia,TUN,GDP per capita (constant 2010 US$),NY.GDP.PCAP.KD,4265.37198811308
Turkey,TUR,"Population, total",SP.POP.TOTL,79512426
Turkey,TUR,"Population, female (% of total)",SP.POP.TOTL.FE.ZS,50.7824965622354
Turkey,TUR,"Population, male (% of total)",SP.POP.TOTL.MA.ZS,49.2175034377646
Turkey,TUR,GDP per capita (constant 2010 US$),NY.GDP.PCAP.KD,14116.9800575831
Turkmenistan,TKM,"Population, total",SP.POP.TOTL,5662544
Turkmenistan,TKM,"Population, female (% of total)",SP.POP.TOTL.FE.ZS,50.7610892775718
Turkmenistan,TKM,"Population, male (% of total)",SP.POP.TOTL.MA.ZS,49.2389107224282
Turkmenistan,TKM,GDP per capita (constant 2010 US$),NY.GDP.PCAP.KD,6986.8559463882
Turks and Caicos Islands,TCA,"Population, total",SP.POP.TOTL,34900
Turks and Caicos Islands,TCA,"Population, female (% of total)",SP.POP.TOTL.FE.ZS,..
Turks and Caicos Islands,TCA,"Population, male (% of total)",SP.POP.TOTL.MA.ZS,..
Turks and Caicos Islands,TCA,GDP per capita (constant 2010 US$),NY.GDP.PCAP.KD,..
Tuvalu,TUV,"Population, total",SP.POP.TOTL,11097
Tuvalu,TUV,"Population, female (% of total)",SP.POP.TOTL.FE.ZS,..
Tuvalu,TUV,"Population, male (% of total)",SP.POP.TOTL.MA.ZS,..
Tuvalu,TUV,GDP per capita (constant 2010 US$),NY.GDP.PCAP.KD,3402.72177111726
Uganda,UGA,"Population, total",SP.POP.TOTL,41487965
Uganda,UGA,"Population, female (% of total)",SP.POP.TOTL.FE.ZS,50.2659337216531
Uganda,UGA,"Population, male (% of total)",SP.POP.TOTL.MA.ZS,49.7340662783469
Uganda,UGA,GDP per capita (constant 2010 US$),NY.GDP.PCAP.KD,662.434327460091
Ukraine,UKR,"Population, total",SP.POP.TOTL,45004645
Ukraine,UKR,"Population, female (% of total)",SP.POP.TOTL.FE.ZS,53.7759988348875
Ukraine,UKR,"Population, male (% of total)",SP.POP.TOTL.MA.ZS,46.2240011651125
Ukraine,UKR,GDP per capita (constant 2010 US$),NY.GDP.PCAP.KD,2905.85744034369
United Arab Emirates,ARE,"Population, total",SP.POP.TOTL,9269612
United Arab Emirates,ARE,"Population, female (% of total)",SP.POP.TOTL.FE.ZS,27.2389776916181
United Arab Emirates,ARE,"Population, male (% of total)",SP.POP.TOTL.MA.ZS,72.7610223083819
United Arab Emirates,ARE,GDP per capita (constant 2010 US$),NY.GDP.PCAP.KD,40864.2498465749
United Kingdom,GBR,"Population, total",SP.POP.TOTL,65637239
United Kingdom,GBR,"Population, female (% of total)",SP.POP.TOTL.FE.ZS,50.6856804604823
United Kingdom,GBR,"Population, male (% of total)",SP.POP.TOTL.MA.ZS,49.3143195395177
United Kingdom,GBR,GDP per capita (constant 2010 US$),NY.GDP.PCAP.KD,41954.7375169529
United States,USA,"Population, total",SP.POP.TOTL,323127513
United States,USA,"Population, female (% of total)",SP.POP.TOTL.FE.ZS,50.5166188281844
United States,USA,"Population, male (% of total)",SP.POP.TOTL.MA.ZS,49.4833811718156
United States,USA,GDP per capita (constant 2010 US$),NY.GDP.PCAP.KD,52262.7841613846
Uruguay,URY,"Population, total",SP.POP.TOTL,3444006
Uruguay,URY,"Population, female (% of total)",SP.POP.TOTL.FE.ZS,51.7122762638458
Uruguay,URY,"Population, male (% of total)",SP.POP.TOTL.MA.ZS,48.2877237361542
Uruguay,URY,GDP per capita (constant 2010 US$),NY.GDP.PCAP.KD,14009.9984403322
Uzbekistan,UZB,"Population, total",SP.POP.TOTL,31848200
Uzbekistan,UZB,"Population, female (% of total)",SP.POP.TOTL.FE.ZS,50.1620658312682
Uzbekistan,UZB,"Population, male (% of total)",SP.POP.TOTL.MA.ZS,49.8379341687318
Uzbekistan,UZB,GDP per capita (constant 2010 US$),NY.GDP.PCAP.KD,1961.46369815488
Vanuatu,VUT,"Population, total",SP.POP.TOTL,270402
Vanuatu,VUT,"Population, female (% of total)",SP.POP.TOTL.FE.ZS,49.3781549897376
Vanuatu,VUT,"Population, male (% of total)",SP.POP.TOTL.MA.ZS,50.6218450102624
Vanuatu,VUT,GDP per capita (constant 2010 US$),NY.GDP.PCAP.KD,2873.69293665534
"Venezuela, RB",VEN,"Population, total",SP.POP.TOTL,31568179
"Venezuela, RB",VEN,"Population, female (% of total)",SP.POP.TOTL.FE.ZS,50.2373766649794
"Venezuela, RB",VEN,"Population, male (% of total)",SP.POP.TOTL.MA.ZS,49.7626233350206
"Venezuela, RB",VEN,GDP per capita (constant 2010 US$),NY.GDP.PCAP.KD,..
Vietnam,VNM,"Population, total",SP.POP.TOTL,92701100
Vietnam,VNM,"Population, female (% of total)",SP.POP.TOTL.FE.ZS,50.5241280483832
Vietnam,VNM,"Population, male (% of total)",SP.POP.TOTL.MA.ZS,49.4758719516168
Vietnam,VNM,GDP per capita (constant 2010 US$),NY.GDP.PCAP.KD,1770.25790638086
Virgin Islands (U.S.),VIR,"Population, total",SP.POP.TOTL,102951
Virgin Islands (U.S.),VIR,"Population, female (% of total)",SP.POP.TOTL.FE.ZS,52.3163152476455
Virgin Islands (U.S.),VIR,"Population, male (% of total)",SP.POP.TOTL.MA.ZS,47.6836847523544
Virgin Islands (U.S.),VIR,GDP per capita (constant 2010 US$),NY.GDP.PCAP.KD,..
West Bank and Gaza,PSE,"Population, total",SP.POP.TOTL,4551566
West Bank and Gaza,PSE,"Population, female (% of total)",SP.POP.TOTL.FE.ZS,49.2852513356594
West Bank and Gaza,PSE,"Population, male (% of total)",SP.POP.TOTL.MA.ZS,50.7147486643406
West Bank and Gaza,PSE,GDP per capita (constant 2010 US$),NY.GDP.PCAP.KD,2570.67572251072
"Yemen, Rep.",YEM,"Population, total",SP.POP.TOTL,27584213
"Yemen, Rep.",YEM,"Population, female (% of total)",SP.POP.TOTL.FE.ZS,49.4757562197995
"Yemen, Rep.",YEM,"Population, male (% of total)",SP.POP.TOTL.MA.ZS,50.5242437802005
"Yemen, Rep.",YEM,GDP per capita (constant 2010 US$),NY.GDP.PCAP.KD,679.667360030094
Zambia,ZMB,"Population, total",SP.POP.TOTL,16591390
Zambia,ZMB,"Population, female (% of total)",SP.POP.TOTL.FE.ZS,50.3808393044557
Zambia,ZMB,"Population, male (% of total)",SP.POP.TOTL.MA.ZS,49.6191606955443
Zambia,ZMB,GDP per capita (constant 2010 US$),NY.GDP.PCAP.KD,1627.27470358632
Zimbabwe,ZWE,"Population, total",SP.POP.TOTL,16150362
Zimbabwe,ZWE,"Population, female (% of total)",SP.POP.TOTL.FE.ZS,51.3182649770528
Zimbabwe,ZWE,"Population, male (% of total)",SP.POP.TOTL.MA.ZS,48.6817350229472
Zimbabwe,ZWE,GDP per capita (constant 2010 US$),NY.GDP.PCAP.KD,917.563715202795
,,,,
,,,,
,,,,
Data from database: World Development Indicators,,,,
Last Updated: 12/22/2017,,,,
